<?xml version='1.0' encoding='utf-8'?>
<project xmlns:ns1="http://www.plcopen.org/xml/tc6_0201" xmlns:xhtml="http://www.w3.org/1999/xhtml" xmlns:xsd="http://www.w3.org/2001/XMLSchema" xmlns="http://www.plcopen.org/xml/tc6_0201">
  <fileHeader companyName="Unknown" productName="Unnamed" productVersion="1" creationDateTime="2023-03-12T23:45:46"/>
  <contentHeader name="Unnamed" modificationDateTime="2023-04-16T14:26:03">
    <coordinateInfo>
      <fbd>
        <scaling x="10" y="10"/>
      </fbd>
      <ld>
        <scaling x="10" y="10"/>
      </ld>
      <sfc>
        <scaling x="10" y="10"/>
      </sfc>
    </coordinateInfo>
  </contentHeader>
  <types>
    <dataTypes/>
    <pous>
      <pou name="Tank_control" pouType="program">
        <interface>
          <localVars>
            <variable name="Level" address="%IW100">
              <type>
                <INT/>
              </type>
            </variable>
            <variable name="Flow" address="%IW101">
              <type>
                <INT/>
              </type>
            </variable>
            <variable name="Overflow_lamp1" address="%QX100.3">
              <type>
                <BOOL/>
              </type>
            </variable>
          </localVars>
          <localVars>
            <variable name="Maxlvl">
              <type>
                <INT/>
              </type>
              <initialValue>
                <simpleValue value="800"/>
              </initialValue>
            </variable>
            <variable name="MinFlow">
              <type>
                <INT/>
              </type>
              <initialValue>
                <simpleValue value="100"/>
              </initialValue>
            </variable>
            <variable name="MaxFlow">
              <type>
                <INT/>
              </type>
              <initialValue>
                <simpleValue value="900"/>
              </initialValue>
            </variable>
            <variable name="AlarmLvl">
              <type>
                <INT/>
              </type>
              <initialValue>
                <simpleValue value="750"/>
              </initialValue>
            </variable>
            <variable name="Minlvl">
              <type>
                <INT/>
              </type>
              <initialValue>
                <simpleValue value="200"/>
              </initialValue>
            </variable>
            <variable name="Zero">
              <type>
                <INT/>
              </type>
              <initialValue>
                <simpleValue value="0"/>
              </initialValue>
            </variable>
          </localVars>
          <localVars>
            <variable name="SP" address="%IW102">
              <type>
                <INT/>
              </type>
              <documentation>
                <xhtml:p><![CDATA[Local Control panel setiings]]></xhtml:p>
              </documentation>
            </variable>
            <variable name="DiscValve" address="%QW100">
              <type>
                <INT/>
              </type>
              <initialValue>
                <simpleValue value="500"/>
              </initialValue>
              <documentation>
                <xhtml:p><![CDATA[Drain from the tank]]></xhtml:p>
              </documentation>
            </variable>
            <variable name="FillValve" address="%QW101">
              <type>
                <INT/>
              </type>
              <initialValue>
                <simpleValue value="900"/>
              </initialValue>
              <documentation>
                <xhtml:p><![CDATA[Filling valve for tank]]></xhtml:p>
              </documentation>
            </variable>
            <variable name="Remotedisp" address="%QW102">
              <type>
                <INT/>
              </type>
              <initialValue>
                <simpleValue value="333"/>
              </initialValue>
              <documentation>
                <xhtml:p><![CDATA[Local Control Panel display]]></xhtml:p>
              </documentation>
            </variable>
          </localVars>
        </interface>
        <body>
          <FBD>
            <inVariable localId="4" executionOrderId="0" height="30" width="50" negated="false">
              <position x="20" y="20"/>
              <connectionPointOut>
                <relPosition x="50" y="10"/>
              </connectionPointOut>
              <expression>Level</expression>
            </inVariable>
            <outVariable localId="5" executionOrderId="0" height="30" width="130" negated="false">
              <position x="370" y="50"/>
              <connectionPointIn>
                <relPosition x="0" y="10"/>
                <connection refLocalId="8" formalParameter="OUT">
                  <position x="370" y="60"/>
                  <position x="320" y="60"/>
                </connection>
              </connectionPointIn>
              <expression>Overflow_lamp1</expression>
            </outVariable>
            <block localId="8" typeName="GT" executionOrderId="0" height="60" width="70">
              <position x="250" y="30"/>
              <inputVariables>
                <variable formalParameter="IN1">
                  <connectionPointIn>
                    <relPosition x="0" y="30"/>
                    <connection refLocalId="4">
                      <position x="250" y="60"/>
                      <position x="190" y="60"/>
                      <position x="190" y="30"/>
                      <position x="70" y="30"/>
                    </connection>
                  </connectionPointIn>
                </variable>
                <variable formalParameter="IN2">
                  <connectionPointIn>
                    <relPosition x="0" y="50"/>
                    <connection refLocalId="9">
                      <position x="250" y="80"/>
                      <position x="100" y="80"/>
                    </connection>
                  </connectionPointIn>
                </variable>
              </inputVariables>
              <inOutVariables/>
              <outputVariables>
                <variable formalParameter="OUT">
                  <connectionPointOut>
                    <relPosition x="70" y="30"/>
                  </connectionPointOut>
                </variable>
              </outputVariables>
            </block>
            <inVariable localId="9" executionOrderId="0" height="40" width="80" negated="false">
              <position x="20" y="60"/>
              <connectionPointOut>
                <relPosition x="80" y="20"/>
              </connectionPointOut>
              <expression>AlarmLvl</expression>
            </inVariable>
            <block localId="12" typeName="LE" executionOrderId="0" height="60" width="70">
              <position x="210" y="160"/>
              <inputVariables>
                <variable formalParameter="IN1">
                  <connectionPointIn>
                    <relPosition x="0" y="30"/>
                    <connection refLocalId="13">
                      <position x="210" y="190"/>
                      <position x="150" y="190"/>
                      <position x="150" y="150"/>
                      <position x="80" y="150"/>
                    </connection>
                  </connectionPointIn>
                </variable>
                <variable formalParameter="IN2">
                  <connectionPointIn>
                    <relPosition x="0" y="50"/>
                    <connection refLocalId="14">
                      <position x="210" y="210"/>
                      <position x="100" y="210"/>
                    </connection>
                  </connectionPointIn>
                </variable>
              </inputVariables>
              <inOutVariables/>
              <outputVariables>
                <variable formalParameter="OUT">
                  <connectionPointOut>
                    <relPosition x="70" y="30"/>
                  </connectionPointOut>
                </variable>
              </outputVariables>
            </block>
            <inVariable localId="13" executionOrderId="0" height="40" width="60" negated="false">
              <position x="20" y="130"/>
              <connectionPointOut>
                <relPosition x="60" y="20"/>
              </connectionPointOut>
              <expression>Level</expression>
            </inVariable>
            <inVariable localId="14" executionOrderId="0" height="40" width="80" negated="false">
              <position x="20" y="190"/>
              <connectionPointOut>
                <relPosition x="80" y="20"/>
              </connectionPointOut>
              <expression>Minlvl</expression>
            </inVariable>
            <block localId="18" typeName="MOVE" executionOrderId="0" height="60" width="60">
              <position x="420" y="160"/>
              <inputVariables>
                <variable formalParameter="EN">
                  <connectionPointIn>
                    <relPosition x="0" y="30"/>
                    <connection refLocalId="12" formalParameter="OUT">
                      <position x="420" y="190"/>
                      <position x="280" y="190"/>
                    </connection>
                  </connectionPointIn>
                </variable>
                <variable formalParameter="IN">
                  <connectionPointIn>
                    <relPosition x="0" y="50"/>
                    <connection refLocalId="19">
                      <position x="420" y="210"/>
                      <position x="390" y="210"/>
                      <position x="390" y="240"/>
                      <position x="370" y="240"/>
                    </connection>
                  </connectionPointIn>
                </variable>
              </inputVariables>
              <inOutVariables/>
              <outputVariables>
                <variable formalParameter="ENO">
                  <connectionPointOut>
                    <relPosition x="60" y="30"/>
                  </connectionPointOut>
                </variable>
                <variable formalParameter="OUT">
                  <connectionPointOut>
                    <relPosition x="60" y="50"/>
                  </connectionPointOut>
                </variable>
              </outputVariables>
            </block>
            <inVariable localId="19" executionOrderId="0" height="40" width="70" negated="false">
              <position x="300" y="220"/>
              <connectionPointOut>
                <relPosition x="70" y="20"/>
              </connectionPointOut>
              <expression>MinFlow</expression>
            </inVariable>
            <outVariable localId="20" executionOrderId="0" height="30" width="90" negated="false">
              <position x="540" y="230"/>
              <connectionPointIn>
                <relPosition x="0" y="10"/>
                <connection refLocalId="18" formalParameter="OUT">
                  <position x="540" y="240"/>
                  <position x="519" y="240"/>
                  <position x="519" y="210"/>
                  <position x="480" y="210"/>
                </connection>
              </connectionPointIn>
              <expression>DiscValve</expression>
            </outVariable>
            <comment localId="21" height="60" width="160">
              <position x="670" y="20"/>
              <content>
                <xhtml:p><![CDATA[High level signalling Lamp logic]]></xhtml:p>
              </content>
            </comment>
            <comment localId="22" height="80" width="330">
              <position x="690" y="190"/>
              <content>
                <xhtml:p><![CDATA[Setting minimal flow to the discharge valve when Tank is almost empty, and increasing the input flow valve to max value]]></xhtml:p>
              </content>
            </comment>
            <block localId="1" typeName="MOVE" executionOrderId="0" height="60" width="60">
              <position x="690" y="110"/>
              <inputVariables>
                <variable formalParameter="EN">
                  <connectionPointIn>
                    <relPosition x="0" y="30"/>
                    <connection refLocalId="18" formalParameter="ENO">
                      <position x="690" y="140"/>
                      <position x="520" y="140"/>
                      <position x="520" y="190"/>
                      <position x="480" y="190"/>
                    </connection>
                  </connectionPointIn>
                </variable>
                <variable formalParameter="IN">
                  <connectionPointIn>
                    <relPosition x="0" y="50"/>
                    <connection refLocalId="24">
                      <position x="690" y="160"/>
                      <position x="670" y="160"/>
                      <position x="670" y="180"/>
                      <position x="640" y="180"/>
                    </connection>
                  </connectionPointIn>
                </variable>
              </inputVariables>
              <inOutVariables/>
              <outputVariables>
                <variable formalParameter="ENO">
                  <connectionPointOut>
                    <relPosition x="60" y="30"/>
                  </connectionPointOut>
                </variable>
                <variable formalParameter="OUT">
                  <connectionPointOut>
                    <relPosition x="60" y="50"/>
                  </connectionPointOut>
                </variable>
              </outputVariables>
            </block>
            <inVariable localId="24" executionOrderId="0" height="30" width="90" negated="false">
              <position x="550" y="170"/>
              <connectionPointOut>
                <relPosition x="90" y="10"/>
              </connectionPointOut>
              <expression>MaxFlow</expression>
            </inVariable>
            <outVariable localId="25" executionOrderId="0" height="30" width="90" negated="false">
              <position x="820" y="140"/>
              <connectionPointIn>
                <relPosition x="0" y="20"/>
                <connection refLocalId="1" formalParameter="OUT">
                  <position x="820" y="160"/>
                  <position x="758" y="160"/>
                  <position x="758" y="158"/>
                  <position x="764" y="158"/>
                  <position x="764" y="160"/>
                  <position x="750" y="160"/>
                </connection>
              </connectionPointIn>
              <expression>FillValve</expression>
            </outVariable>
            <block localId="2" typeName="GT" executionOrderId="0" height="60" width="70">
              <position x="220" y="330"/>
              <inputVariables>
                <variable formalParameter="IN1">
                  <connectionPointIn>
                    <relPosition x="0" y="30"/>
                    <connection refLocalId="26">
                      <position x="220" y="360"/>
                      <position x="155" y="360"/>
                      <position x="155" y="320"/>
                      <position x="100" y="320"/>
                    </connection>
                  </connectionPointIn>
                </variable>
                <variable formalParameter="IN2">
                  <connectionPointIn>
                    <relPosition x="0" y="50"/>
                    <connection refLocalId="27">
                      <position x="220" y="380"/>
                      <position x="170" y="380"/>
                      <position x="170" y="390"/>
                      <position x="120" y="390"/>
                    </connection>
                  </connectionPointIn>
                </variable>
              </inputVariables>
              <inOutVariables/>
              <outputVariables>
                <variable formalParameter="OUT">
                  <connectionPointOut>
                    <relPosition x="70" y="30"/>
                  </connectionPointOut>
                </variable>
              </outputVariables>
            </block>
            <inVariable localId="26" executionOrderId="0" height="30" width="80" negated="false">
              <position x="20" y="300"/>
              <connectionPointOut>
                <relPosition x="80" y="20"/>
              </connectionPointOut>
              <expression>Level</expression>
            </inVariable>
            <inVariable localId="27" executionOrderId="0" height="40" width="100" negated="false">
              <position x="20" y="370"/>
              <connectionPointOut>
                <relPosition x="100" y="20"/>
              </connectionPointOut>
              <expression>Maxlvl</expression>
            </inVariable>
            <block localId="3" typeName="MOVE" executionOrderId="0" height="60" width="60">
              <position x="400" y="330"/>
              <inputVariables>
                <variable formalParameter="EN">
                  <connectionPointIn>
                    <relPosition x="0" y="30"/>
                    <connection refLocalId="2" formalParameter="OUT">
                      <position x="400" y="360"/>
                      <position x="290" y="360"/>
                    </connection>
                  </connectionPointIn>
                </variable>
                <variable formalParameter="IN">
                  <connectionPointIn>
                    <relPosition x="0" y="50"/>
                    <connection refLocalId="6">
                      <position x="400" y="380"/>
                      <position x="380" y="380"/>
                      <position x="380" y="420"/>
                      <position x="370" y="420"/>
                    </connection>
                  </connectionPointIn>
                </variable>
              </inputVariables>
              <inOutVariables/>
              <outputVariables>
                <variable formalParameter="ENO">
                  <connectionPointOut>
                    <relPosition x="60" y="30"/>
                  </connectionPointOut>
                </variable>
                <variable formalParameter="OUT">
                  <connectionPointOut>
                    <relPosition x="60" y="50"/>
                  </connectionPointOut>
                </variable>
              </outputVariables>
            </block>
            <outVariable localId="28" executionOrderId="0" height="30" width="90" negated="false">
              <position x="560" y="380"/>
              <connectionPointIn>
                <relPosition x="0" y="20"/>
                <connection refLocalId="3" formalParameter="OUT">
                  <position x="560" y="400"/>
                  <position x="468" y="400"/>
                  <position x="468" y="379"/>
                  <position x="472" y="379"/>
                  <position x="472" y="380"/>
                  <position x="460" y="380"/>
                </connection>
              </connectionPointIn>
              <expression>FillValve</expression>
            </outVariable>
            <inVariable localId="6" executionOrderId="0" height="40" width="70" negated="false">
              <position x="300" y="400"/>
              <connectionPointOut>
                <relPosition x="70" y="20"/>
              </connectionPointOut>
              <expression>MinFlow</expression>
            </inVariable>
            <block localId="7" typeName="MOVE" executionOrderId="0" height="60" width="60">
              <position x="670" y="290"/>
              <inputVariables>
                <variable formalParameter="EN">
                  <connectionPointIn>
                    <relPosition x="0" y="30"/>
                    <connection refLocalId="3" formalParameter="ENO">
                      <position x="670" y="320"/>
                      <position x="515" y="320"/>
                      <position x="515" y="360"/>
                      <position x="460" y="360"/>
                    </connection>
                  </connectionPointIn>
                </variable>
                <variable formalParameter="IN">
                  <connectionPointIn>
                    <relPosition x="0" y="50"/>
                    <connection refLocalId="10">
                      <position x="670" y="340"/>
                      <position x="645" y="340"/>
                      <position x="645" y="360"/>
                      <position x="620" y="360"/>
                    </connection>
                  </connectionPointIn>
                </variable>
              </inputVariables>
              <inOutVariables/>
              <outputVariables>
                <variable formalParameter="ENO">
                  <connectionPointOut>
                    <relPosition x="60" y="30"/>
                  </connectionPointOut>
                </variable>
                <variable formalParameter="OUT">
                  <connectionPointOut>
                    <relPosition x="60" y="50"/>
                  </connectionPointOut>
                </variable>
              </outputVariables>
            </block>
            <inVariable localId="10" executionOrderId="0" height="30" width="90" negated="false">
              <position x="530" y="340"/>
              <connectionPointOut>
                <relPosition x="90" y="20"/>
              </connectionPointOut>
              <expression>MaxFlow</expression>
            </inVariable>
            <outVariable localId="11" executionOrderId="0" height="30" width="90" negated="false">
              <position x="780" y="320"/>
              <connectionPointIn>
                <relPosition x="0" y="20"/>
                <connection refLocalId="7" formalParameter="OUT">
                  <position x="780" y="340"/>
                  <position x="730" y="340"/>
                </connection>
              </connectionPointIn>
              <expression>DiscValve</expression>
            </outVariable>
            <comment localId="15" height="80" width="330">
              <position x="690" y="370"/>
              <content>
                <xhtml:p><![CDATA[Setting minimal flow to the fill valve when Tank is full, and increasing the input discharge valve to max value]]></xhtml:p>
              </content>
            </comment>
          </FBD>
        </body>
      </pou>
    </pous>
  </types>
  <instances>
    <configurations>
      <configuration name="Config0">
        <resource name="Res0">
          <task name="task0" priority="0" interval="T#20ms">
            <pouInstance name="instance0" typeName="Tank_control"/>
          </task>
        </resource>
      </configuration>
    </configurations>
  </instances>
</project>
